restaurant_name,restaurant_rating,restaurant_review_count,restaurant_price,restaurant_cuisine,restaurant_promotion,restaurant_booked_times,restaurant_remaining_timeslots,restaurant_special_offers
"Cappadocia Restaurant, Bristol",4.7,(439),$$$$,• Turkish • Bristol,Promoted,Booked 48 times today You're in luck! We still have 4 timeslots left Top experience,Booked 48 times today You're in luck! We still have 4 timeslots left Top experience,Group Set Menu
Kibou Clifton,4.7,(27),$$$$,• Japanese • Clifton,Promoted,Booked 35 times today You're in luck! We still have 4 timeslots left,Booked 35 times today You're in luck! We still have 4 timeslots left,British Icons Set Menu
Côte Brasserie - Bristol Clifton,4.5,(120),$$$$,• French • Clifton,Promoted,Booked 41 times today,Booked 41 times today,British Icons Set Menu
Ivy Clifton Brasserie,4.5,(10214),$$$$,• Contemporary British • Clifton,Promoted,Booked 60 times today Top experience,Booked 60 times today Top experience,British Icons Set Menu
Pho Bristol,4.5,(345),$$$$,• Vietnamese • Bristol,Promoted,Booked 8 times today,Booked 8 times today,British Icons Set Menu
The Ox,4.7,(22),$$$$,• Steak • Bristol,Promoted,Booked 7 times today Top experience,Booked 7 times today Top experience,40% Off Food Summer Deal
Koocha Mezze Bar,4.7,(1488),$$$$,• Persian • Bristol,Promoted,Booked 15 times today,Booked 15 times today,British Icons Set Menu
Côte Brasserie - Bristol Quakers Friars,4.7,(39),$$$$,• French • Bristol,Promoted,Booked 10 times today,Booked 10 times today,British Icons Set Menu
Buenasado - Bristol,4.8,(507),$$$$,• Argentinean • Bristol,Promoted,Booked 8 times today,Booked 8 times today,British Icons Set Menu
"Milk Bun, Bristol",4.7,(524),$$$$,• Burgers • Bridgeyate,Promoted,Booked 6 times today,Booked 6 times today,British Icons Set Menu
Piccolino - Bristol,4.3,(158),$$$$,• Italian • Bristol,Promoted,Booked 8 times today,Booked 8 times today,British Icons Set Menu
The Ivy Bath Brasserie and Garden,4.3,(13165),$$$$,• Contemporary British • Bath,Promoted,Booked 93 times today Top experience,Booked 93 times today Top experience,British Icons Set Menu
The River Grille,4.4,(193),$$$$,• Contemporary European • Bristol,Promoted,Booked 4 times today,Booked 4 times today,British Icons Set Menu
The Hollybush,4.7,(1457),$$$$,• Gastro Pub • Bristol,Promoted,Booked 7 times today,Booked 7 times today,British Icons Set Menu
Keepers Kitchen & Bar.,3.600000000000001,(1),$$$$,• British • Bristol,Promoted,Booked 1 time today,Booked 1 time today,British Icons Set Menu
COLOSSEO ITALIAN RESTAURANT,4.7,(437),$$$$,• Italian • Bath,Promoted,Booked 11 times today,Booked 11 times today,British Icons Set Menu
OPA Bath,4.4,(965),$$$$,• Greek • Bath,Promoted,Booked 5 times today Top experience,Booked 5 times today Top experience,Aegean Adventure 2-course £19.95
Côte Brasserie - Bath,4.5,(200),$$$$,• French • Bath,Promoted,Booked 31 times today,Booked 31 times today,British Icons Set Menu
"La Perla, Bath",4.6,(790),$$$$,• Tapas / Small Plates • Bath,Promoted,Booked 8 times today Top experience,Booked 8 times today Top experience,Trio Tapas Special
The Marlborough Tavern,4.5,(2101),$$$$,• Gastro Pub • Bath,Promoted,Booked 12 times today,Booked 12 times today,British Icons Set Menu
George Inn - Backwell,4.4,(421),$$$$,• Pub • Backwell,Promoted,Booked 5 times today,Booked 5 times today,British Icons Set Menu
"Slug and Lettuce Bristol, City Center",4.1,(1),$$$$,• International • Bristol,Promoted,Booked 1 time today,Booked 1 time today,British Icons Set Menu
Portofino Italian Restaurant,4.6,(267),$$$$,• Italian • Bath,Promoted,Booked 12 times today Top experience,Booked 12 times today Top experience,6 OYSTER & 2 GLASS OF PROSECCO FOR TWO ( 27£ )
Chez Dominique,4.8,(2933),$$$$,• French • Bath,Promoted,Booked 21 times today,Booked 21 times today,British Icons Set Menu
The Chequers - Bath,4.7,(2107),$$$$,• British • Bath,Promoted,Booked 16 times today You're in luck! We still have 3 timeslots left,Booked 16 times today You're in luck! We still have 3 timeslots left,British Icons Set Menu
"Carluccio's - Bristol, Cribbs Causeway",4.0,(365),$$$$,• Italian • Bristol,Promoted,Booked 2 times today,Booked 2 times today,British Icons Set Menu
Bristol Harbour Kitchen & Bar,4.0,(25),$$$$,• Contemporary British • Bristol,Promoted,You're in luck! We still have 2 timeslots left,You're in luck! We still have 2 timeslots left,British Icons Set Menu
Bill's Restaurant & Bar - Bath,4.4,(1755),$$$$,• British • Bath,Promoted,Booked 38 times today,Booked 38 times today,British Icons Set Menu
Cappadocia Turkish Restaurant,4.8,(1503),$$$$,• Turkish • Bath,Promoted,Booked 29 times today You're in luck! We still have 4 timeslots left Top experience,Booked 29 times today You're in luck! We still have 4 timeslots left Top experience,CAPPA NIGHT
Robun,4.2,(1073),$$$$,• Japanese • Bath,Promoted,Booked 14 times today,Booked 14 times today,British Icons Set Menu
Square Grill Brasserie & Piano Bar,4.6,(602),$$$$,• Grill • Bath,Promoted,Booked 14 times today Top experience,Booked 14 times today Top experience,Live Music Monday from 7pm
Sanremo The Italian Restaurant & Oyster Bar,4.5,(324),$$$$,• Italian • Bath,Promoted,Booked 9 times today,Booked 9 times today,British Icons Set Menu
Edesia Restaurant & Lounge,4.6,(327),$$$$,• South American • Bath,Promoted,Booked 15 times today Top experience,Booked 15 times today Top experience,£21.95 EVENING SET MENU
The Bath Arms,4.8,(781),$$$$,• Modern European • Cheddar,Promoted,Booked 12 times today,Booked 12 times today,British Icons Set Menu
The Birkett Tap,3.600000000000001,(2),$$$$,• Pub • Bristol,Promoted,Booked 1 time today,Booked 1 time today,British Icons Set Menu
"The Ivy Asia, Cardiff",4.5,(3400),$$$$,• Asian • Cardiff,Promoted,Booked 86 times today Top experience,Booked 86 times today Top experience,Samurai Dinner Set Menu
The Three Daggers,4.4,(333),$$$$,• Pub • Westbury,Promoted,Booked 3 times today,Booked 3 times today,British Icons Set Menu
Antica Pulteney Bridge Restaurant,4.7,(506),$$$$,• Italian • Bath,Promoted,Booked 5 times today,Booked 5 times today,British Icons Set Menu
Côte Brasserie - Cardiff Central,4.4,(112),$$$$,• French • Cardiff,Promoted,Booked 21 times today,Booked 21 times today,British Icons Set Menu
Slug & Lettuce - Bristol - Harbourside,3.600000000000001,(7),$$$$,• International • Bristol,Promoted,Booked 1 time today,Booked 1 time today,British Icons Set Menu
Walkabout Bristol,3.600000000000001,(0),$$$$,• Australian • Bristol,Promoted,Booked 1 time today,Booked 1 time today,British Icons Set Menu
Green House Bristol,3.600000000000001,(4),$$$$,• British • Bristol,Promoted,Booked 1 time today,Booked 1 time today,British Icons Set Menu
Roseate Villa,4.5,(73),$$$$,• Contemporary British • Bath,Promoted,Booked 1 time today,Booked 1 time today,British Icons Set Menu
Root Spice,4.7,(39),$$$$,• Indian • Bath,Promoted,Booked 3 times today,Booked 3 times today,British Icons Set Menu
The Old Thatched Cottage,4.6,(1586),$$$$,• Steakhouse • Weston-Super-Mare,Promoted,Booked 14 times today You're in luck! We still have 4 timeslots left,Booked 14 times today You're in luck! We still have 4 timeslots left,British Icons Set Menu
"Sweet Little Things, Bath",4.3,(134),$$$$,• Afternoon Tea • Bath,Promoted,Booked 2 times today You're in luck! We still have 2 timeslots left,Booked 2 times today You're in luck! We still have 2 timeslots left,British Icons Set Menu
The Griffin Inn,4.7,(124),$$$$,• Gastro Pub • Bath,Promoted,Booked 3 times today,Booked 3 times today,British Icons Set Menu
The Congresbury Arms,4.4,(462),$$$$,• British • Congresbury,Promoted,Booked 4 times today,Booked 4 times today,British Icons Set Menu
The Cider Press,4.262146892655368,(0),$$$$,• Pub • Bristol,Promoted,Booked 1 time today,Booked 1 time today,British Icons Set Menu
The Orange Artichoke,3.600000000000001,(70),$$$$,• British • Bath,Promoted,Top experience,Top experience,Côte De Boeuf For 2
Amarone,4.5,(24),$$$$,• Italian • Bath,Promoted,Booked 1 time today,Booked 1 time today,British Icons Set Menu
The White Harte - Bristol,3.600000000000001,(2),$$$$,• British • Bristol,Promoted,You're in luck! We still have 3 timeslots left,You're in luck! We still have 3 timeslots left,British Icons Set Menu
Kibou Cheltenham,4.8,(54),$$$$,• Japanese • Cheltenham,Promoted,Booked 37 times today,Booked 37 times today,British Icons Set Menu
The Plough - Wrington,4.6,(258),$$$$,• Pub • Weston-Super-Mare,Promoted,Booked 1 time today,Booked 1 time today,British Icons Set Menu
Brasserie Beau,4.4,(50),$$$$,• Contemporary British • Bath,Promoted,Booked 2 times today Top experience,Booked 2 times today Top experience,Steak Offer Night
The Bath Priory - The Restaurant,4.3,(57),$$$$,• Contemporary British • Bath,Promoted,Booked 7 times today Top experience,Booked 7 times today Top experience,Pantry Lunch & Supper
The Ivy Cardiff,4.5,(14079),$$$$,• Contemporary British • Cardiff,Promoted,Booked 86 times today Top experience,Booked 86 times today Top experience,British Icons Set Menu
The Halfpenny,4.6,(6),$$$$,• Café • Bath,Promoted,You're in luck! We still have 2 timeslots left,You're in luck! We still have 2 timeslots left,British Icons Set Menu
The Moorend Spout,4.3,(194),$$$$,• Pub • Bristol,Promoted,You're in luck! We still have 4 timeslots left,You're in luck! We still have 4 timeslots left,British Icons Set Menu
Emma's Bar Restaurant Cafe,3.600000000000001,(69),$$$$,• Contemporary British • Bath,Promoted,Booked 1 time today,Booked 1 time today,British Icons Set Menu
IL FIORE,4.7,(141),$$$$,• Italian • Chepstow,Promoted,Booked 10 times today,Booked 10 times today,British Icons Set Menu
Old Post Office Bristol,5.0,(1),$$$$,• British • Bristol,Promoted,Booked 1 time today,Booked 1 time today,British Icons Set Menu
The Mint Room,4.3,(20),$$$$,• Indian • Bath,Promoted,Booked 1 time today,Booked 1 time today,British Icons Set Menu
The Anchor - Bristol,4.7,(0),$$$$,• Pub • Bristol,Promoted,Booked 1 time today,Booked 1 time today,British Icons Set Menu
The Dumb Post Inn,4.6,(778),$$$$,• Gastro Pub • Calne,Promoted,Booked 10 times today,Booked 10 times today,British Icons Set Menu
Se7en,4.0,(3),$$$$,• Barbecue • Bath,Promoted,Booked 1 time today,Booked 1 time today,British Icons Set Menu
Bill's Restaurant & Bar - Cardiff Central,4.4,(1857),$$$$,• British • Cardiff,Promoted,Booked 41 times today,Booked 41 times today,British Icons Set Menu
The Royal Wootton Bassett,4.6,(2064),$$$$,• British • Swindon,Promoted,Booked 17 times today You're in luck! We still have 4 timeslots left,Booked 17 times today You're in luck! We still have 4 timeslots left,British Icons Set Menu
Pizzeria Villaggio,4.8,(946),$$$$,• Pizzeria • Cardiff,Promoted,Booked 10 times today You're in luck! We still have 4 timeslots left,Booked 10 times today You're in luck! We still have 4 timeslots left,British Icons Set Menu
The Abbey Tea Bar,3.9,(167),$$$$,• Afternoon Tea • Bath,Promoted,You're in luck! We still have 2 timeslots left,You're in luck! We still have 2 timeslots left,British Icons Set Menu
Vellore Restaurant at the Bath Spa Hotel,3.600000000000001,(44),$$$$,• British • Bath,Promoted,Booked 2 times today,Booked 2 times today,British Icons Set Menu
Dosa Park Cirencester,4.5,(99),$$$$,• Indian • Cirencester,Promoted,Booked 1 time today,Booked 1 time today,British Icons Set Menu
The Catherine Wheel,4.6,(478),$$$$,• British • Marshfield,Promoted,Booked 1 time today,Booked 1 time today,British Icons Set Menu
Wahaca Cardiff,4.5,(35),$$$$,• Mexican • Cardiff,Promoted,Booked 51 times today,Booked 51 times today,British Icons Set Menu
The Greyhound Inn and Hotel,4.5,(58),$$$$,• Gastro Pub • Usk,Promoted,Booked 7 times today,Booked 7 times today,British Icons Set Menu
Lola & Co Tapas,4.7,(537),$$$$,• Tapas / Small Plates • Tetbury,Promoted,Booked 7 times today,Booked 7 times today,British Icons Set Menu
Masons Arms,4.7,(156),$$$$,• Gastro Pub • Fairford,Promoted,Booked 4 times today You're in luck! We still have 4 timeslots left Top experience,Booked 4 times today You're in luck! We still have 4 timeslots left Top experience,EVENING SET MENU
Afternoon Tea at Bath Spa Hotel,3.600000000000001,(5),$$$$,• British • Bath,Promoted,You're in luck! We still have 1 timeslot left,You're in luck! We still have 1 timeslot left,British Icons Set Menu
Mantra,4.0,(1),$$$$,• Indian • Bath,Promoted,Booked 1 time today,Booked 1 time today,British Icons Set Menu
COMPTOIR+CUISINE,4.6,(23),$$$$,• Tapas / Small Plates • Bath,Promoted,Booked 1 time today,Booked 1 time today,British Icons Set Menu
The Bear Inn,4.4,(243),$$$$,• Gastro Pub • Bath,Promoted,Booked 3 times today Top experience,Booked 3 times today Top experience,Prix-Fixe Menu
"The Ivy Montpellier Brasserie, Cheltenham",4.6,(11308),$$$$,• Contemporary British • Cheltenham,Promoted,Booked 77 times today Top experience,Booked 77 times today Top experience,British Icons Set Menu
The Claremont,4.2,(65),$$$$,• Pub • Bath,Promoted,Booked 1 time today,Booked 1 time today,British Icons Set Menu
The Restaurant @ Centurion,3.8,(133),$$$$,• British • Radstock,Promoted,Booked 1 time today,Booked 1 time today,British Icons Set Menu
Giraffe - Bath,4.3,(353),$$$$,• International • Bath,Promoted,Booked 2 times today,Booked 2 times today,British Icons Set Menu
The Ship Inn,4.2,(67),$$$$,• Grill • Newport,Promoted,Booked 5 times today,Booked 5 times today,British Icons Set Menu
The Ox Barn,4.7,(973),$$$$,• British • Lechlade,Promoted,Booked 11 times today You're in luck! We still have 4 timeslots left,Booked 11 times today You're in luck! We still have 4 timeslots left,British Icons Set Menu
The Nook On Five,4.4,(592),$$$$,• British • Cheltenham,Promoted,Booked 19 times today,Booked 19 times today,British Icons Set Menu
The Stag at Stow,4.5,(349),$$$$,• British • Stow-on-the-Wold,Promoted,Booked 9 times today,Booked 9 times today,British Icons Set Menu
"Amore Italian, Corsham",4.7,(354),$$$$,• Italian • Corsham,Promoted,Booked 5 times today,Booked 5 times today,British Icons Set Menu
The Miner's Rest,4.9,(8),$$$$,• Modern European • Radstock,Promoted,Booked 1 time today,Booked 1 time today,British Icons Set Menu
The Duke of Oxford,4.3,(198),$$$$,• British • Weston-Super-Mare,Promoted,Booked 1 time today,Booked 1 time today,British Icons Set Menu
Gaucho Cardiff,4.7,(912),$$$$,• Steakhouse • Cardiff,Promoted,Booked 47 times today,Booked 47 times today,British Icons Set Menu
Pho Cardiff,4.5,(524),$$$$,• Vietnamese • Cardiff,Promoted,Booked 18 times today,Booked 18 times today,British Icons Set Menu
The Lion at Pennard,4.6,(400),$$$$,• British • Wells,Promoted,Booked 4 times today,Booked 4 times today,British Icons Set Menu
The Angel at Burford,4.7,(1403),$$$$,• British • Burford,Promoted,Booked 8 times today You're in luck! We still have 4 timeslots left,Booked 8 times today You're in luck! We still have 4 timeslots left,British Icons Set Menu
Victoria's,4.6,(141),$$$$,• Contemporary British • Cheltenham,Promoted,Booked 5 times today,Booked 5 times today,British Icons Set Menu
GRAZE Restaurant & Bar,3.600000000000001,(7),$$$$,• British • Cardiff,Promoted,Booked 1 time today,Booked 1 time today,British Icons Set Menu
Côte Brasserie - Cardiff Bay,4.5,(87),$$$$,• French • Cardiff,Promoted,Booked 21 times today,Booked 21 times today,British Icons Set Menu
Brasserie Blanc Cheltenham,4.3,(90),$$$$,• French • Cheltenham,Promoted,Booked 1 time today,Booked 1 time today,British Icons Set Menu
The Rattlebone Inn,4.6,(40),$$$$,• British • Sherston,Promoted,Booked 1 time today,Booked 1 time today,British Icons Set Menu
"Bill’s Restaurant, Cafe & Bar Clark’s Village, Street",4.3,(16),$$$$,• Bar / Lounge / Bottle Service • Street,Promoted,Booked 18 times today Top experience,Booked 18 times today Top experience,Set Menu for Celebrations
Ellenborough Park,4.4,(7),$$$$,• Contemporary British • Cheltenham,Promoted,Booked 4 times today,Booked 4 times today,British Icons Set Menu
The Restaurant at Charlton House,4.4,(6),$$$$,• British • Shepton Mallet,Promoted,Booked 1 time today You're in luck! We still have 4 timeslots left,Booked 1 time today You're in luck! We still have 4 timeslots left,British Icons Set Menu
Pen Mill Hotel,4.8,(2056),$$$$,• British • Yeovil,Promoted,Booked 21 times today,Booked 21 times today,British Icons Set Menu
Villaggio Lakeside,4.7,(574),$$$$,• Italian • Cardiff,Promoted,Booked 16 times today,Booked 16 times today,British Icons Set Menu
El Camino,4.6,(6),$$$$,• Spanish • Cardiff,Promoted,Booked 2 times today,Booked 2 times today,British Icons Set Menu
Santiago's Tapas Cardiff,4.2,(835),$$$$,• Tapas / Small Plates • Cardiff,Promoted,Booked 9 times today,Booked 9 times today,British Icons Set Menu
Buckland Manor,4.4,(49),$$$$,• British • Broadway,Promoted,Booked 7 times today Top experience,Booked 7 times today Top experience,Afternoon Tea
Mulberry Tree,4.4,(859),$$$$,• British • Malvern,Promoted,Booked 3 times today,Booked 3 times today,British Icons Set Menu
Smith's of Bourton,4.7,(606),$$$$,• Burgers • Bourton-on-the-Water,Promoted,Booked 21 times today,Booked 21 times today,British Icons Set Menu
Revo Kitchen and Terrace,4.1,(394),$$$$,• Café • Weston-Super-Mare,Promoted,Booked 4 times today,Booked 4 times today,British Icons Set Menu
The Cat and Custard Pot,4.5,(969),$$$$,• British • Tetbury,Promoted,Booked 8 times today You're in luck! We still have 4 timeslots left,Booked 8 times today You're in luck! We still have 4 timeslots left,British Icons Set Menu
Yakitori1,4.8,(1035),$$$$,• Japanese • Cardiff,Promoted,Booked 10 times today,Booked 10 times today,British Icons Set Menu
The Slaughters Country Inn Restaurant & Bar,4.1,(99),$$$$,• Contemporary British • Upper Slaughter,Promoted,Booked 12 times today,Booked 12 times today,British Icons Set Menu
Maaya,3.600000000000001,(1),$$$$,• Indian • Bath,Promoted,Top experience,Top experience,Sharing menu for 2 - £49.95
The Fox at Barrington,4.5,(434),$$$$,• Pub • Burford,Promoted,Booked 17 times today,Booked 17 times today,British Icons Set Menu
Slug & Lettuce - Bath,3.600000000000001,(6),$$$$,• International • Bath,Promoted,Booked 1 time today,Booked 1 time today,British Icons Set Menu
Bill's Restaurant & Bar - Cardiff Bay,4.4,(1601),$$$$,• British • Cardiff,Promoted,Booked 40 times today,Booked 40 times today,British Icons Set Menu
Côte Brasserie - Cheltenham,4.6,(93),$$$$,• French • Cheltenham,Promoted,Booked 22 times today,Booked 22 times today,British Icons Set Menu
The White Horse Inn,4.2,(32),$$$$,• British • Wellington,Promoted,Booked 3 times today,Booked 3 times today,British Icons Set Menu
Bill's Restaurant & Bar - Gloucester Quays,4.4,(901),$$$$,• British • Gloucester,Promoted,Booked 13 times today,Booked 13 times today,British Icons Set Menu
Elote Tacos,4.3,(72),$$$$,• Mexican • Gloucester,Promoted,Booked 3 times today You're in luck! We still have 3 timeslots left,Booked 3 times today You're in luck! We still have 3 timeslots left,British Icons Set Menu
The Canon - Bath,4.5,(1),$$$$,• Pub • Bath,Promoted,Booked 1 time today,Booked 1 time today,British Icons Set Menu
KOKO,5.0,(11),$$$$,• Cocktail Bar • Tetbury,Promoted,Booked 1 time today,Booked 1 time today,British Icons Set Menu
Henry's Cafe Bar Cardiff,3.600000000000001,(24),$$$$,• Gastro Pub • Cardiff,Promoted,Booked 1 time today,Booked 1 time today,British Icons Set Menu
Amore Italian Restaurant - Hungerford,4.8,(488),$$$$,• Italian • Hungerford,Promoted,Booked 11 times today,Booked 11 times today,British Icons Set Menu
Nant Ddu Lodge,4.3,(212),$$$$,• British • Merthyr Tydfil,Promoted,Booked 6 times today,Booked 6 times today,British Icons Set Menu
The Bay Restaurant,4.262146892655368,(0),$$$$,• Modern European • Cardiff,Promoted,Booked 1 time today,Booked 1 time today,British Icons Set Menu
Macready's,4.4,(19),$$$$,• British • Sherborne,Promoted,Booked 11 times today Top experience,Booked 11 times today Top experience,Dinner
Pen & Wig Cardiff,4.5,(17),$$$$,• British • Cardiff,Promoted,Booked 1 time today,Booked 1 time today,British Icons Set Menu
Afternoon Tea at Ellenborough Park,4.6,(9),$$$$,• Afternoon Tea • Cheltenham,Promoted,Booked 4 times today You're in luck! We still have 2 timeslots left,Booked 4 times today You're in luck! We still have 2 timeslots left,British Icons Set Menu
Masons Arms,4.6,(118),$$$$,• Pub • Bath,Promoted,Booked 1 time today You're in luck! We still have 2 timeslots left,Booked 1 time today You're in luck! We still have 2 timeslots left,British Icons Set Menu
Côte Brasserie - Cirencester,4.3,(78),$$$$,• French • Cirencester,Promoted,Booked 23 times today,Booked 23 times today,British Icons Set Menu
The Foxham,4.7,(477),$$$$,• Gastro Pub • Chippenham,Promoted,Booked 4 times today,Booked 4 times today,British Icons Set Menu
Court Brasserie at Stonehouse Court,3.9,(274),$$$$,• British • Stroud,Promoted,Booked 2 times today You're in luck! We still have 4 timeslots left Top experience,Booked 2 times today You're in luck! We still have 4 timeslots left Top experience,Court Brasserie
Royal Oak Winsford Limited,4.8,(66),$$$$,• British • Winsford,Promoted,Booked 1 time today,Booked 1 time today,British Icons Set Menu
Téatro,4.1,(846),$$$$,• British • Cirencester,Promoted,Booked 6 times today Top experience,Booked 6 times today Top experience,Pre-Theatre Dining
Spice Village,4.7,(1),$$$$,• Indian • Cardiff,Promoted,Booked 1 time today,Booked 1 time today,British Icons Set Menu
Pokhara,4.7,(6),$$$$,• Nepalese • Laleston,Promoted,Booked 1 time today,Booked 1 time today,British Icons Set Menu
Bella Mia Pizza at No.1,4.7,(169),$$$$,• Pizzeria • Gloucester,Promoted,Booked 2 times today,Booked 2 times today,British Icons Set Menu
Cricklade House Hotel,4.0,(106),$$$$,• International • Swindon,Promoted,Booked 1 time today You're in luck! We still have 4 timeslots left,Booked 1 time today You're in luck! We still have 4 timeslots left,British Icons Set Menu
Chaplais Kitchen,4.4,(112),$$$$,• European • Cheltenham,Promoted,Booked 1 time today,Booked 1 time today,British Icons Set Menu
The Glasshouse at Holloways,4.3,(75),$$$$,• Café • Suckley,Promoted,Booked 1 time today You're in luck! We still have 1 timeslot left Top experience,Booked 1 time today You're in luck! We still have 1 timeslot left Top experience,Afternoon Tea with Bubbles (requires 24hr notice)
Côte Brasserie - Salisbury,4.5,(86),$$$$,• French • Salisbury,Promoted,Booked 33 times today,Booked 33 times today,British Icons Set Menu
EN Steak Hereford,4.5,(151),$$$$,• Steak • Hereford,Promoted,Booked 15 times today,Booked 15 times today,British Icons Set Menu
Lordleaze Hotel,4.7,(195),$$$$,• British • Chard,Promoted,Booked 2 times today You're in luck! We still have 4 timeslots left,Booked 2 times today You're in luck! We still have 4 timeslots left,British Icons Set Menu
Pho Cheltenham,4.2,(501),$$$$,• Vietnamese • Cheltenham,Promoted,Booked 7 times today,Booked 7 times today,British Icons Set Menu
The Lamb Inn,4.262146892655368,(1),$$$$,• Gastro Pub • Nether Westcote,Promoted,Booked 5 times today,Booked 5 times today,British Icons Set Menu
Lamb & Lion Bath,3.600000000000001,(3),$$$$,• British • Bath,Promoted,You're in luck! We still have 3 timeslots left,You're in luck! We still have 3 timeslots left,British Icons Set Menu
The Regent Weston-Super-Mare,4.262146892655368,(0),$$$$,• British • Weston-Super-Mare,Promoted,You're in luck! We still have 3 timeslots left,You're in luck! We still have 3 timeslots left,British Icons Set Menu
TAMALA TASTE OF INDIA,5.0,(1),$$$$,• Indian • Weston-Super-Mare,Promoted,Booked 1 time today,Booked 1 time today,British Icons Set Menu
"Crown, Marnhull",4.6,(10),$$$$,• Pub • Sturminster Newton,Promoted,Booked 4 times today,Booked 4 times today,British Icons Set Menu
The Pilot Inn,4.2,(9),$$$$,• British • Gloucester,Promoted,Booked 5 times today,Booked 5 times today,British Icons Set Menu
The Snooty Mehmaan,4.9,(845),$$$$,• Indian • Faringdon,Promoted,Booked 4 times today,Booked 4 times today,British Icons Set Menu
The Lamb Inn - Eastcombe,4.3,(124),$$$$,• Pub • Stroud,Promoted,Booked 1 time today,Booked 1 time today,British Icons Set Menu
Gassy's - Cardiff,4.0,(0),$$$$,• British • Cardiff,Promoted,You're in luck! We still have 2 timeslots left,You're in luck! We still have 2 timeslots left,British Icons Set Menu
Guyers House - The Restaurant,4.0,(6),$$$$,• Contemporary British • Corsham,Promoted,Booked 1 time today,Booked 1 time today,British Icons Set Menu
Qudos,4.6,(240),$$$$,• Bistro • Salisbury,Promoted,Booked 1 time today,Booked 1 time today,British Icons Set Menu
The Pelican,4.0,(498),$$$$,• Pub • Marlborough,Promoted,Booked 4 times today,Booked 4 times today,British Icons Set Menu
The Bridge Tap Salisbury,4.0,(1),$$$$,• British • Salisbury,Promoted,Booked 1 time today,Booked 1 time today,British Icons Set Menu
Cornhill Bridgwater,3.600000000000001,(2),$$$$,• British • Bridgwater,Promoted,Booked 1 time today,Booked 1 time today,British Icons Set Menu
The Brasserie at Gloucester Robinswood Hotel,4.0,(25),$$$$,• English • Gloucester,Promoted,Booked 1 time today,Booked 1 time today,British Icons Set Menu
Owain Glyndwr Cardiff,3.9,(8),$$$$,• British • Cardiff,Promoted,Booked 1 time today,Booked 1 time today,British Icons Set Menu
Abbey Gloucester,3.600000000000001,(1),$$$$,• British • Gloucester,Promoted,Booked 1 time today,Booked 1 time today,British Icons Set Menu
Goddard Arms Swindon,3.600000000000001,(6),$$$$,• Gastro Pub • Swindon,Promoted,Booked 1 time today,Booked 1 time today,British Icons Set Menu
DoubleTree by Hilton Cheltenham,3.600000000000001,(2),$$$$,• British • Cheltenham,Promoted,Booked 1 time today,Booked 1 time today,British Icons Set Menu
Walkabout Cardiff,3.600000000000001,(5),$$$$,• Australian • Cardiff,Promoted,Booked 1 time today,Booked 1 time today,British Icons Set Menu
Aldwyn's at Ellerslie,4.0,(6),$$$$,• British • Malvern,Promoted,You're in luck! We still have 2 timeslots left,You're in luck! We still have 2 timeslots left,British Icons Set Menu
Woodville - Cardiff,4.5,(0),$$$$,• British • Cardiff,Promoted,Booked 1 time today,Booked 1 time today,British Icons Set Menu
Slug & Lettuce - Cardiff Central,3.600000000000001,(3),$$$$,• International • Cardiff,Promoted,Booked 1 time today,Booked 1 time today,British Icons Set Menu
The Seven Stars,4.4,(274),$$$$,• British • Ledbury,Promoted,Booked 1 time today,Booked 1 time today,British Icons Set Menu
Railway Hotel Penarth,4.262146892655368,(0),$$$$,• British • Cardiff,Promoted,Booked 1 time today,Booked 1 time today,British Icons Set Menu
Cross Keys Inn Wootton Bassett,5.0,(4),$$$$,• British • Royal Wootton Bassett,Promoted,Booked 1 time today,Booked 1 time today,British Icons Set Menu
The Cricketers,4.5,(288),$$$$,• Pub • Poole,Promoted,Booked 5 times today,Booked 5 times today,British Icons Set Menu
Hunters Lodge Bridgend,4.8,(1),$$$$,• British • Bridgend Town Center,Promoted,Booked 1 time today,Booked 1 time today,British Icons Set Menu
Mackintosh Hotel Cardiff,4.262146892655368,(0),$$$$,• British • Cardiff,Promoted,Booked 1 time today,Booked 1 time today,British Icons Set Menu
Church Inn Llanishen,4.5,(5),$$$$,• British • Cardiff,Promoted,Booked 1 time today,Booked 1 time today,British Icons Set Menu
Whittle Taps Cheltenham,4.0,(1),$$$$,• British • Cheltenham,Promoted,Booked 1 time today,Booked 1 time today,British Icons Set Menu
Kings Arms Caerphilly,4.262146892655368,(0),$$$$,• British • Caerphilly Town Center,Promoted,Booked 1 time today,Booked 1 time today,British Icons Set Menu
Cricklade House Foot Golf,4.262146892655368,(0),$$$$,• International • Cricklade,Promoted,Top experience,Top experience,Footie Golf Play
"Slug & Lettuce Cardiff, The Friary",3.600000000000001,(13),$$$$,• International • Cardiff,Promoted,Booked 1 time today,Booked 1 time today,British Icons Set Menu
The Imperial Inn Hereford Classic Inns,3.600000000000001,(1),$$$$,• British • Hereford,Promoted,Booked 1 time today,Booked 1 time today,British Icons Set Menu
Smith's of Bourton,4.7,(606),$$$$,• Burgers • Bourton-on-the-Water,Promoted,Booked 21 times today You're in luck! We still have 2 timeslots left,Booked 21 times today You're in luck! We still have 2 timeslots left,British Icons Set Menu
The Glasshouse at Holloways,4.3,(75),$$$$,• Café • Suckley,Promoted,Booked 1 time today,Booked 1 time today,British Icons Set Menu
